{
  "Product Page " : {
    "transaction" : "Product Page ",
    "sampleCount" : 60,
    "errorCount" : 0,
    "errorPct" : 0.0,
    "meanResTime" : 2688.783333333333,
    "medianResTime" : 2552.5,
    "minResTime" : 1565.0,
    "maxResTime" : 5148.0,
    "pct1ResTime" : 4048.0,
    "pct2ResTime" : 4234.349999999999,
    "pct3ResTime" : 5148.0,
    "throughput" : 2.9491275497665277,
    "receivedKBytesPerSec" : 110.4837068382895,
    "sentKBytesPerSec" : 1.4976038338658149
  },
  "About Page-0" : {
    "transaction" : "About Page-0",
    "sampleCount" : 60,
    "errorCount" : 0,
    "errorPct" : 0.0,
    "meanResTime" : 274.6833333333334,
    "medianResTime" : 264.5,
    "minResTime" : 237.0,
    "maxResTime" : 444.0,
    "pct1ResTime" : 328.3,
    "pct2ResTime" : 356.9999999999999,
    "pct3ResTime" : 444.0,
    "throughput" : 3.269220290960606,
    "receivedKBytesPerSec" : 3.0265828474908734,
    "sentKBytesPerSec" : 0.3990747425489021
  },
  "About Page-1" : {
    "transaction" : "About Page-1",
    "sampleCount" : 60,
    "errorCount" : 0,
    "errorPct" : 0.0,
    "meanResTime" : 282.76666666666665,
    "medianResTime" : 268.5,
    "minResTime" : 242.0,
    "maxResTime" : 974.0,
    "pct1ResTime" : 300.9,
    "pct2ResTime" : 341.6999999999999,
    "pct3ResTime" : 974.0,
    "throughput" : 3.266017092156116,
    "receivedKBytesPerSec" : 3.090596252245387,
    "sentKBytesPerSec" : 0.39868372706983835
  },
  "About Page-2" : {
    "transaction" : "About Page-2",
    "sampleCount" : 60,
    "errorCount" : 0,
    "errorPct" : 0.0,
    "meanResTime" : 283.58333333333337,
    "medianResTime" : 264.0,
    "minResTime" : 243.0,
    "maxResTime" : 977.0,
    "pct1ResTime" : 319.4,
    "pct2ResTime" : 366.84999999999997,
    "pct3ResTime" : 977.0,
    "throughput" : 3.2599837000814995,
    "receivedKBytesPerSec" : 3.030766096169519,
    "sentKBytesPerSec" : 0.41068154034229826
  },
  "About Page-3" : {
    "transaction" : "About Page-3",
    "sampleCount" : 60,
    "errorCount" : 0,
    "errorPct" : 0.0,
    "meanResTime" : 2264.5666666666657,
    "medianResTime" : 2117.5,
    "minResTime" : 1049.0,
    "maxResTime" : 4097.0,
    "pct1ResTime" : 3419.6,
    "pct2ResTime" : 3560.7,
    "pct3ResTime" : 4097.0,
    "throughput" : 3.0461491597705233,
    "receivedKBytesPerSec" : 166.41801019825354,
    "sentKBytesPerSec" : 0.38374340001015383
  },
  "Ar-Vr Page" : {
    "transaction" : "Ar-Vr Page",
    "sampleCount" : 60,
    "errorCount" : 0,
    "errorPct" : 0.0,
    "meanResTime" : 2266.5333333333333,
    "medianResTime" : 2122.5,
    "minResTime" : 1567.0,
    "maxResTime" : 6544.0,
    "pct1ResTime" : 2994.9,
    "pct2ResTime" : 3549.699999999998,
    "pct3ResTime" : 6544.0,
    "throughput" : 2.3243201363601145,
    "receivedKBytesPerSec" : 91.46789895986674,
    "sentKBytesPerSec" : 1.2257156969086542
  },
  "About Page" : {
    "transaction" : "About Page",
    "sampleCount" : 60,
    "errorCount" : 0,
    "errorPct" : 0.0,
    "meanResTime" : 3106.049999999999,
    "medianResTime" : 2921.5,
    "minResTime" : 1815.0,
    "maxResTime" : 5197.0,
    "pct1ResTime" : 4193.5,
    "pct2ResTime" : 4894.849999999998,
    "pct3ResTime" : 5197.0,
    "throughput" : 2.9318348399706813,
    "receivedKBytesPerSec" : 168.3870518262888,
    "sentKBytesPerSec" : 1.4544649401417054
  },
  "News Page-2" : {
    "transaction" : "News Page-2",
    "sampleCount" : 60,
    "errorCount" : 0,
    "errorPct" : 0.0,
    "meanResTime" : 294.2666666666667,
    "medianResTime" : 269.5,
    "minResTime" : 237.0,
    "maxResTime" : 1083.0,
    "pct1ResTime" : 313.7,
    "pct2ResTime" : 371.65,
    "pct3ResTime" : 1083.0,
    "throughput" : 3.3057851239669422,
    "receivedKBytesPerSec" : 3.070118801652893,
    "sentKBytesPerSec" : 0.4132231404958678
  },
  "News Page-1" : {
    "transaction" : "News Page-1",
    "sampleCount" : 60,
    "errorCount" : 0,
    "errorPct" : 0.0,
    "meanResTime" : 355.13333333333327,
    "medianResTime" : 276.0,
    "minResTime" : 239.0,
    "maxResTime" : 1608.0,
    "pct1ResTime" : 374.79999999999995,
    "pct2ResTime" : 1369.1499999999978,
    "pct3ResTime" : 1608.0,
    "throughput" : 3.304328670558432,
    "receivedKBytesPerSec" : 3.123623196387267,
    "sentKBytesPerSec" : 0.40013354995043504
  },
  "News Page-3" : {
    "transaction" : "News Page-3",
    "sampleCount" : 60,
    "errorCount" : 0,
    "errorPct" : 0.0,
    "meanResTime" : 1609.2500000000007,
    "medianResTime" : 1341.5,
    "minResTime" : 785.0,
    "maxResTime" : 3950.0,
    "pct1ResTime" : 2939.7999999999997,
    "pct2ResTime" : 3133.4,
    "pct3ResTime" : 3950.0,
    "throughput" : 3.2107882485150103,
    "receivedKBytesPerSec" : 115.8235421014609,
    "sentKBytesPerSec" : 0.4013485310643763
  },
  "Product Page -0" : {
    "transaction" : "Product Page -0",
    "sampleCount" : 60,
    "errorCount" : 0,
    "errorPct" : 0.0,
    "meanResTime" : 311.3,
    "medianResTime" : 268.0,
    "minResTime" : 243.0,
    "maxResTime" : 1520.0,
    "pct1ResTime" : 379.4,
    "pct2ResTime" : 403.79999999999995,
    "pct3ResTime" : 1520.0,
    "throughput" : 3.1781344350866045,
    "receivedKBytesPerSec" : 2.9515682107103127,
    "sentKBytesPerSec" : 0.3972668043858255
  },
  "Product Page -1" : {
    "transaction" : "Product Page -1",
    "sampleCount" : 60,
    "errorCount" : 0,
    "errorPct" : 0.0,
    "meanResTime" : 316.61666666666684,
    "medianResTime" : 267.5,
    "minResTime" : 237.0,
    "maxResTime" : 1271.0,
    "pct1ResTime" : 328.2,
    "pct2ResTime" : 993.5999999999976,
    "pct3ResTime" : 1271.0,
    "throughput" : 3.1798187503312314,
    "receivedKBytesPerSec" : 3.018343579415973,
    "sentKBytesPerSec" : 0.39747734379140387
  },
  "Product Page -2" : {
    "transaction" : "Product Page -2",
    "sampleCount" : 60,
    "errorCount" : 0,
    "errorPct" : 0.0,
    "meanResTime" : 337.06666666666666,
    "medianResTime" : 266.5,
    "minResTime" : 241.0,
    "maxResTime" : 1485.0,
    "pct1ResTime" : 347.09999999999997,
    "pct2ResTime" : 1145.45,
    "pct3ResTime" : 1485.0,
    "throughput" : 3.1843753317057635,
    "receivedKBytesPerSec" : 2.969803165799809,
    "sentKBytesPerSec" : 0.41048588260269614
  },
  "Product Page -3" : {
    "transaction" : "Product Page -3",
    "sampleCount" : 60,
    "errorCount" : 0,
    "errorPct" : 0.0,
    "meanResTime" : 1723.35,
    "medianResTime" : 1489.5,
    "minResTime" : 800.0,
    "maxResTime" : 4348.0,
    "pct1ResTime" : 3249.1,
    "pct2ResTime" : 3484.5499999999993,
    "pct3ResTime" : 4348.0,
    "throughput" : 3.140374751386999,
    "receivedKBytesPerSec" : 108.8222654205485,
    "sentKBytesPerSec" : 0.40481393279598027
  },
  "Home Page" : {
    "transaction" : "Home Page",
    "sampleCount" : 60,
    "errorCount" : 2,
    "errorPct" : 3.3333333,
    "meanResTime" : 6623.683333333333,
    "medianResTime" : 6166.0,
    "minResTime" : 4110.0,
    "maxResTime" : 21706.0,
    "pct1ResTime" : 8332.9,
    "pct2ResTime" : 10030.05,
    "pct3ResTime" : 21706.0,
    "throughput" : 2.764212660093983,
    "receivedKBytesPerSec" : 158.40954114069842,
    "sentKBytesPerSec" : 0.6583001243895698
  },
  "News Page" : {
    "transaction" : "News Page",
    "sampleCount" : 60,
    "errorCount" : 0,
    "errorPct" : 0.0,
    "meanResTime" : 2590.1666666666665,
    "medianResTime" : 2404.5,
    "minResTime" : 1560.0,
    "maxResTime" : 5015.0,
    "pct1ResTime" : 3766.1,
    "pct2ResTime" : 3997.1499999999996,
    "pct3ResTime" : 5015.0,
    "throughput" : 3.070310101320233,
    "receivedKBytesPerSec" : 119.3493101396991,
    "sentKBytesPerSec" : 1.5111682529935522
  },
  "Home Page-1" : {
    "transaction" : "Home Page-1",
    "sampleCount" : 60,
    "errorCount" : 2,
    "errorPct" : 3.3333333,
    "meanResTime" : 5951.299999999999,
    "medianResTime" : 5163.0,
    "minResTime" : 3564.0,
    "maxResTime" : 21059.0,
    "pct1ResTime" : 7757.4,
    "pct2ResTime" : 9468.599999999999,
    "pct3ResTime" : 21059.0,